repo	file	model_verdict	written_for	llama.cpp-94256114	status_if_refused
0bserverx/Muse-Glimmer-30B-Heretic-Uncensored-GGUF	Muse-Glimmer-30B-Heretic-TQ1_0.gguf	ok	llama.cpp	accepts	
0bserverx/Muse-Glimmer-30B-Heretic-Uncensored-GGUF	Muse-Glimmer-30B-Heretic-TQ2_0.gguf	ok	llama.cpp	accepts	
0xSojalSec/Qwen3.8-Flash-Next-Uncensored-GSQ-RCO-12-GB-GPU	Q2_0/Qwen3.8-Flash-Next-GSQ-RCO-abliterated-Q2_0-00001-of-00002.gguf	ok	llama.cpp	accepts	
0xSojalSec/Qwen3.8-Flash-Next-Uncensored-GSQ-RCO-12-GB-GPU	mtp-q2_0.gguf	other_runtime	other	refuses	arch
AI-Joe-git/Bonsai-27B-gguf	Bonsai-27B-Q1_0.gguf	ok	llama.cpp	accepts	
AI-Joe-git/Ternary-Bonsai-27B-gguf	Ternary-Bonsai-27B-PQ2_0.gguf	ok	prismml	refuses	type
AI-Joe-git/Ternary-Bonsai-27B-gguf	Ternary-Bonsai-27B-Q2_0.gguf	refused	llama.cpp	refuses	offsets
AI-Joe-git/Ternary-Bonsai-27B-gguf	Ternary-Bonsai-27B-Q2_g64.gguf	ok	llama.cpp	accepts	
Aatricks/bonsai-image-ternary-4B-FLUX2-klein-GGUF	bonsai-flux2-klein-ternary-q2_k.gguf	other_runtime	other	refuses	arch
Acelogicdev/Ternary-Bonsai-27B-gguf	Ternary-Bonsai-27B-PQ2_0.gguf	ok	prismml	refuses	type
Acelogicdev/Ternary-Bonsai-27B-gguf	Ternary-Bonsai-27B-Q2_0.gguf	refused	llama.cpp	refuses	offsets
Acelogicdev/Ternary-Bonsai-27B-gguf	Ternary-Bonsai-27B-Q2_g64.gguf	ok	llama.cpp	accepts	
Arx12/Maple-Preview-Exact-GGUF	Maple-Preview-TQ2_0-Expanded-F16.gguf	no_ternary_layout	llama.cpp	accepts	
BlackCubeBanditos/Bonsai-1.7B-gguf	Bonsai-1.7B-Q1_0.gguf	ok	llama.cpp	accepts	
Blackfrost-AI/TERNARY-BONSAI-2-27B-DERISKED-GGUF	TERNARY-BONSAI-2-27B-DERISKED-PQ2_0.gguf	ok	prismml	refuses	type
BoldingBuilds/Ternary-Bonsai-2-27B-Abliterated-PQ2_0-MTP-GGUF	Ternary-Bonsai-2-27B-Abliterated-PQ2_0-MTP.gguf	ok	prismml	refuses	type
BoldingBuilds/Ternary-Bonsai-2-27B-Abliterated-PQ2_0-MTP-GGUF	Ternary-Bonsai-2-27B-Abliterated-PQ2_0.gguf	ok	prismml	refuses	type
BoldingBuilds/Ternary-Bonsai-2-27B-Abliterated-PTQ1_0-GGUF	Ternary-Bonsai-2-27B-Abliterated-PTQ1_0.gguf	ok	prismml	refuses	type
BoldingBuilds/Ternary-Bonsai-2-27B-Abliterated-v2-PQ2_0-MTP-GGUF	Ternary-Bonsai-2-27B-Abliterated-v2-PQ2_0-MTP.gguf	ok	prismml	refuses	type
BoldingBuilds/Ternary-Bonsai-2-27B-Abliterated-v2-PQ2_0-MTP-GGUF	Ternary-Bonsai-2-27B-Abliterated-v2-PQ2_0.gguf	ok	prismml	refuses	type
BoscoTheDog/bitnet-mistral.0.2-330m-v0.2-grokfast-v2.9_gguf	bitnet-mistral.0.2-330m-v0.2-grokfast-v2.9.Q2_K.gguf	no_ternary_layout	llama.cpp	accepts	
BoscoTheDog/bitnet-mistral.0.2-330m-v0.2-grokfast-v2.9_gguf	bitnet-mistral.0.2-330m-v0.2-grokfast-v2.9.Q3_K_M.gguf	no_ternary_layout	llama.cpp	accepts	
BoscoTheDog/bitnet-mistral.0.2-330m-v0.2-grokfast-v2.9_gguf	bitnet-mistral.0.2-330m-v0.2-grokfast-v2.9.Q3_K_S.gguf	no_ternary_layout	llama.cpp	accepts	
BoscoTheDog/bitnet_b1_58-xl_q8_0_gguf	ggml-model-q8_0.gguf	no_ternary_layout	llama.cpp	accepts	
CaryPalmer/Ternary-Bonsai-2-27B-262k-GGUF	Ternary-Bonsai-2-27B-PTQ1_0-mtp-procreations.gguf	ok	prismml	refuses	type
CodeMasterCody3D/taardis-27b-full-ternary	TAARDIS-27B-Full-Ternary-V1.gguf	other_runtime	other	refuses	type
CodeMasterCody3D/taardis-27b-full-ternary	TAARDIS-27B-Full-Ternary-V2-1.75bit.gguf	other_runtime	other	refuses	type
ConwayResearch/Underdog-Ternary-1.1	Underdog-PQ2_0.gguf	ok	prismml	refuses	type
Danny-Dasilva/Bonsai-27B-antidoom-1bit-DSpark	Bonsai-27B-antidoom-1bit-Q1_0.gguf	ok	llama.cpp	accepts	
Danny-Dasilva/Ternary-Bonsai-27B-antidoom-DSpark	Ternary-Bonsai-27B-antidoom-Q2_0.gguf	refused	llama.cpp	refuses	offsets
DavidBPunkt/Bonsai-4B-gguf	Bonsai-4B.gguf	ok	llama.cpp	accepts	
DeepBeepMeep/Wan2.1	Qwen3_8_27B_Uncensored/Ternary-Bonsai-2-27B-Abliterated-PTQ1_0.gguf	ok	prismml	refuses	type
Dm7997/Ternary-Bonsai-27B-gguf	Ternary-Bonsai-27B-PQ2_0.gguf	ok	prismml	refuses	type
Dm7997/Ternary-Bonsai-27B-gguf	Ternary-Bonsai-27B-Q2_0.gguf	refused	llama.cpp	refuses	offsets
Dm7997/Ternary-Bonsai-27B-gguf	Ternary-Bonsai-27B-Q2_g64.gguf	ok	llama.cpp	accepts	
Doses-AI/Pestle-27B-Ternary-GGUF	pestle-27b-ternary.gguf	ok	mortar.cpp	refuses	type
Gorilla4X/Bonsai-8B-Ternary-RDNA4	Ternary-Bonsai-8B-Q2_0.gguf	refused	llama.cpp	refuses	offsets
Green-Sky/TriLM_3.9B-GGUF	TriLM_3.9B_Unpacked-4.0B-TQ1_0.gguf	ok	llama.cpp	accepts	
Green-Sky/TriLM_3.9B-GGUF	TriLM_3.9B_Unpacked-4.0B-TQ2_0.gguf	ok	llama.cpp	accepts	
Green-Sky/bonsai-image-binary-4B-GGUF	bonsai_image_4b-mod_q8_0-q1_0.gguf	other_runtime	other	refuses	arch
Green-Sky/bonsai-image-binary-4B-GGUF	bonsai_image_4b-q1_0.gguf	other_runtime	other	refuses	arch
Green-Sky/bonsai-image-ternary-4B-GGUF	bonsai_image_4b-mod_q8_0-q2_0.gguf	other_runtime	other	refuses	arch
Green-Sky/bonsai-image-ternary-4B-GGUF	bonsai_image_4b-q2_0.gguf	other_runtime	other	refuses	arch
Hagwell/Bonsai-1.7B-gguf	Bonsai-1.7B-Q1_0.gguf	ok	llama.cpp	accepts	
Hagwell/Bonsai-27B-gguf	Bonsai-27B-Q1_0.gguf	ok	llama.cpp	accepts	
Hagwell/Bonsai-4B-gguf	Bonsai-4B-Q1_0.gguf	ok	llama.cpp	accepts	
Hagwell/Bonsai-8B-gguf	Bonsai-8B-Q1_0.gguf	ok	llama.cpp	accepts	
Hagwell/Ternary-Bonsai-1.7B-gguf	Ternary-Bonsai-1.7B-PQ2_0.gguf	ok	prismml	refuses	type
Hagwell/Ternary-Bonsai-1.7B-gguf	Ternary-Bonsai-1.7B-Q2_0.gguf	refused	llama.cpp	refuses	offsets
Hagwell/Ternary-Bonsai-1.7B-gguf	Ternary-Bonsai-1.7B-Q2_0_g64.gguf	ok	llama.cpp	accepts	
Hagwell/Ternary-Bonsai-2-27B-gguf	Ternary-Bonsai-2-27B-PQ2_0.gguf	ok	prismml	refuses	type
Hagwell/Ternary-Bonsai-2-27B-gguf	Ternary-Bonsai-2-27B-PTQ1_0.gguf	ok	prismml	refuses	type
Hagwell/Ternary-Bonsai-27B-gguf	Ternary-Bonsai-27B-PQ2_0.gguf	ok	prismml	refuses	type
Hagwell/Ternary-Bonsai-27B-gguf	Ternary-Bonsai-27B-Q2_0.gguf	refused	llama.cpp	refuses	offsets
Hagwell/Ternary-Bonsai-27B-gguf	Ternary-Bonsai-27B-Q2_g64.gguf	ok	llama.cpp	accepts	
Hagwell/Ternary-Bonsai-4B-gguf	Ternary-Bonsai-4B-PQ2_0.gguf	ok	prismml	refuses	type
Hagwell/Ternary-Bonsai-4B-gguf	Ternary-Bonsai-4B-Q2_0.gguf	refused	llama.cpp	refuses	offsets
Hagwell/Ternary-Bonsai-4B-gguf	Ternary-Bonsai-4B-Q2_0_g64.gguf	ok	llama.cpp	accepts	
Hagwell/Ternary-Bonsai-8B-gguf	Ternary-Bonsai-8B-PQ2_0.gguf	ok	prismml	refuses	type
Hagwell/Ternary-Bonsai-8B-gguf	Ternary-Bonsai-8B-Q2_0.gguf	refused	llama.cpp	refuses	offsets
Hagwell/Ternary-Bonsai-8B-gguf	Ternary-Bonsai-8B-Q2_0_g64.gguf	ok	llama.cpp	accepts	
Hikari07jp/Ternary-Bonsai-2-27B-Abliterated-GGUF	Ternary-Bonsai-2-27B-Abliterated-PQ2_0.gguf	ok	prismml	refuses	type
Hikari07jp/Ternary-Bonsai-27B-Abliterated-LowDeg-GGUF	Ternary-Bonsai-27B-Abliterated-LowDeg-Q2_0.gguf	refused	llama.cpp	refuses	offsets
HybridRMD/Bonsai-2-27B-HybridRMD-Satellite-Ternary	Ternary-Bonsai-2-27B-Heretic-Satellite-PQ2_0.gguf	ok	prismml	refuses	type
HybridRMD/Bonsai-2-27B-HybridRMD-Satellite-Ternary	Ternary-Bonsai-2-27B-Heretic-Satellite-PTQ1_0.gguf	ok	prismml	refuses	type
HybridRMD/Ternary-Bonsai-2-27B-Heretic	Ternary-Bonsai-2-27B-Heretic-Q4_K_M.gguf	no_ternary_layout	llama.cpp	accepts	
HybridRMD/Ternary-Bonsai-2-27B-Heretic	Ternary-Bonsai-2-27B-Heretic-Q8_0.gguf	no_ternary_layout	llama.cpp	accepts	
HybridRMD/Ternary-Bonsai-2-27B-Heretic-Satellite	Ternary-Bonsai-2-27B-Heretic-Satellite-Q2_K.gguf	no_ternary_layout	llama.cpp	accepts	
HybridRMD/Ternary-Bonsai-2-27B-Heretic-Satellite	Ternary-Bonsai-2-27B-Heretic-Satellite-Q4_K_M.gguf	no_ternary_layout	llama.cpp	accepts	
HybridRMD/Ternary-Bonsai-2-27B-Heretic-Satellite	Ternary-Bonsai-2-27B-Heretic-Satellite-Q8_0.gguf	no_ternary_layout	llama.cpp	accepts	
ISTA-DASLab/Qwen3.8-Flash-Next-GSQ-RCO-GGUF	Q2_0/Qwen3.8-Flash-Next-GSQ-RCO-Q2_0-00001-of-00002.gguf	ok	llama.cpp	accepts	
IamPradeep/Bonsai-27B-GGUF-Colab-Prebuilt-GPU	Bonsai-27B-Q1_0.gguf	ok	llama.cpp	accepts	
IamPradeep/Bonsai-8B-1bit-GGUF-Colab-Pre-built	Bonsai-8B.gguf	ok	llama.cpp	accepts	
IamPradeep/Ternary-Bonsai-2-27B-GGUF-Colab-Prebuilt-GPU	Ternary-Bonsai-2-27B-PQ2_0.gguf	ok	prismml	refuses	type
IamPradeep/Ternary-Bonsai-2-27B-GGUF-Colab-Prebuilt-GPU	Ternary-Bonsai-2-27B-PTQ1_0.gguf	ok	prismml	refuses	type
IamPradeep/Ternary-Bonsai-27B-GGUF-Colab-Prebuilt-GPU	Ternary-Bonsai-27B-PQ2_0.gguf	ok	prismml	refuses	type
IamPradeep/Ternary-Bonsai-27B-GGUF-Colab-Prebuilt-GPU	Ternary-Bonsai-27B-Q2_0.gguf	refused	llama.cpp	refuses	offsets
IamPradeep/Ternary-Bonsai-27B-GGUF-Colab-Prebuilt-GPU	Ternary-Bonsai-27B-Q2_g64.gguf	ok	llama.cpp	accepts	
Jinstudio/VibeVoice-ASR-BitNet	vibeasr-lm-i2_s-embed-q6_k.gguf	ok	bitnet.cpp	refuses	type
Kingman007/Ternary-Bonsai-27B-gguf	Ternary-Bonsai-27B-PQ2_0.gguf	ok	prismml	refuses	type
Kingman007/Ternary-Bonsai-27B-gguf	Ternary-Bonsai-27B-Q2_0.gguf	refused	llama.cpp	refuses	offsets
Kingman007/Ternary-Bonsai-27B-gguf	Ternary-Bonsai-27B-Q2_g64.gguf	ok	llama.cpp	accepts	
KookiesXy/Muse-Glimmer-30B-ternary-quants	gguf/Muse-Glimmer-30B-TQ1_0.gguf	ok	llama.cpp	accepts	
KridgeDookie/Ternary-Bonsai-2-27B-ABLITERATED-UNCENSORED-PHILADELPHIA-CLASS-GGUF	compact/Ternary-Bonsai-2-27B-PTQ1_0.gguf	ok	prismml	refuses	type
Kuau/Ternary-Bonsai-8B-gguf	Ternary-Bonsai-8B-PQ2_0.gguf	ok	prismml	refuses	type
Kuau/Ternary-Bonsai-8B-gguf	Ternary-Bonsai-8B-Q2_0.gguf	refused	llama.cpp	refuses	offsets
Kuau/Ternary-Bonsai-8B-gguf	Ternary-Bonsai-8B-Q2_0_g64.gguf	ok	llama.cpp	accepts	
LENGYUE021/Ternary-Bonsai-27B-gguf	Ternary-Bonsai-27B-PQ2_0.gguf	ok	prismml	refuses	type
LENGYUE021/Ternary-Bonsai-27B-gguf	Ternary-Bonsai-27B-Q2_0.gguf	refused	llama.cpp	refuses	offsets
LENGYUE021/Ternary-Bonsai-27B-gguf	Ternary-Bonsai-27B-Q2_g64.gguf	ok	llama.cpp	accepts	
LanguaMan/Bonsai-27B-gguf	Bonsai-27B-Q1_0.gguf	ok	llama.cpp	accepts	
LanguaMan/Ternary-Bonsai-27B-gguf	Ternary-Bonsai-27B-PQ2_0.gguf	ok	prismml	refuses	type
LanguaMan/Ternary-Bonsai-27B-gguf	Ternary-Bonsai-27B-Q2_0.gguf	refused	llama.cpp	refuses	offsets
LanguaMan/Ternary-Bonsai-27B-gguf	Ternary-Bonsai-27B-Q2_g64.gguf	ok	llama.cpp	accepts	
Minarut/Ternary-Bonsai-8B-GGUF-llamacpp-compatible	Ternary-Bonsai-8B-TQ2_0-Q6out.gguf	ok	llama.cpp	accepts	
Minarut/Ternary-Bonsai-8B-GGUF-llamacpp-compatible	Ternary-Bonsai-8B-TQ2_0.gguf	ok	llama.cpp	accepts	
MrNAM205/Bonsai-1.7B-gguf	Bonsai-1.7B.gguf	ok	llama.cpp	accepts	
Mungert/TriLM_1.1B_Unpacked-GGUF	TriLM_1.1B_Unpacked-tq1_0.gguf	ok	llama.cpp	accepts	
Mungert/TriLM_1.1B_Unpacked-GGUF	TriLM_1.1B_Unpacked-tq2_0.gguf	ok	llama.cpp	accepts	
NANI-Nithin/K2-Horizon-3.7B-GGUF	K2-Horizon-3.7B-Q1_0.gguf	other_runtime	other	refuses	arch
NANI-Nithin/K2-Horizon-3.7B-GGUF	K2-Horizon-3.7B-Q2_0.gguf	other_runtime	other	refuses	arch
NANI-Nithin/K2-Horizon-7B-GGUF	K2-Horizon-7B-Q1_0.gguf	other_runtime	other	refuses	arch
NANI-Nithin/K2-Horizon-7B-GGUF	K2-Horizon-7B-Q2_0.gguf	other_runtime	other	refuses	arch
NANI-Nithin/K2-Horizon-MoVA-36B-A4B-GGUF	K2-Horizon-MoVA-36B-A4B-Q1_0.gguf	other_runtime	other	refuses	arch
NANI-Nithin/K2-Horizon-MoVA-36B-A4B-GGUF	K2-Horizon-MoVA-36B-A4B-Q2_0.gguf	other_runtime	other	refuses	arch
NANI-Nithin/Ling-3.0-tiny-GGUF	Ling-3.0-tiny-Q1_0.gguf	ok	llama.cpp	accepts	
NANI-Nithin/Ling-3.0-tiny-GGUF	Ling-3.0-tiny-Q2_0.gguf	ok	llama.cpp	accepts	
NANI-Nithin/MiniCPM5-2B-GGUF	MiniCPM5-2B-Q1_0.gguf	ok	llama.cpp	accepts	
NANI-Nithin/MiniCPM5-2B-GGUF	MiniCPM5-2B-Q2_0.gguf	ok	llama.cpp	accepts	
NANI-Nithin/Muse-Glimmer-30B-GGUF	Muse-Glimmer-30B-Q1_0.gguf	ok	llama.cpp	accepts	
NANI-Nithin/Muse-Glimmer-30B-GGUF	Muse-Glimmer-30B-Q2_0.gguf	ok	llama.cpp	accepts	
NoxNotreve/Bonsai-27B-gguf	Bonsai-27B-Q1_0.gguf	ok	llama.cpp	accepts	
NoxNotreve/Ternary-Bonsai-2-27B-gguf	Ternary-Bonsai-2-27B-PQ2_0.gguf	ok	prismml	refuses	type
NoxNotreve/Ternary-Bonsai-2-27B-gguf	Ternary-Bonsai-2-27B-PTQ1_0.gguf	ok	prismml	refuses	type
OS-Software/Ternary-Bonsai-2-27B-Uncensored-Heretic-GGUF	Ternary-Bonsai-2-27B-Uncensored-Heretic-PQ2_0.gguf	ok	prismml	refuses	type
OS-Software/Ternary-Bonsai-2-27B-Uncensored-Heretic-GGUF	Ternary-Bonsai-2-27B-Uncensored-Heretic-PTQ1_0.gguf	ok	prismml	refuses	type
OS-Software/Ternary-Bonsai-2-27B-Uncensored-Heretic-v2-GGUF	Ternary-Bonsai-2-27B-Uncensored-Heretic-v2-PQ2_0.gguf	ok	prismml	refuses	type
OS-Software/Ternary-Bonsai-2-27B-Uncensored-Heretic-v2-GGUF	Ternary-Bonsai-2-27B-Uncensored-Heretic-v2-PTQ1_0.gguf	ok	prismml	refuses	type
OS-Software/Ternary-Bonsai-27B-heretic-ja-GGUF	Ternary-Bonsai-27B-heretic-ja-Q2_0.gguf	refused	llama.cpp	refuses	offsets
OS-Software/Ternary-Bonsai-27B-heretic-ja-GGUF	Ternary-Bonsai-27B-heretic-ja-Q2_g64.gguf	ok	llama.cpp	accepts	
Override-6/Ternary-Bonsai-2-27B-abliterated-gguf	Ternary-Bonsai-2-27B-PTQ1_0-abliterated.gguf	ok	prismml	refuses	type
P2Enjoy/VibeVoice-ASR-BitNet-slim	vibeasr-lm-i2_s-tied.gguf	ok	bitnet.cpp	refuses	type
PYTHAI/Bonsai-8B-gguf-fork	Bonsai-8B-Q1_0.gguf	ok	llama.cpp	accepts	
PYTHAI/Ternary-Bonsai-8B-gguf-fork	Ternary-Bonsai-8B-Q2_0_g64.gguf	ok	llama.cpp	accepts	
ProCreations/Ternary-Bonsai-2-27B-DFlash2	Bonsai-2-27B-DFlash2-Q8_0.gguf	no_ternary_layout	llama.cpp	accepts	
ProCreations/Ternary-Bonsai-2-27B-MTP	Ternary-Bonsai-2-27B-PQ2_0-MTP-Q8_0.gguf	ok	prismml	refuses	type
ProCreations/bonsai-2-27b-gsq-rco-gguf	bonsai-2-27b-gsq-rco-PTQ1_0.gguf	ok	prismml	refuses	type
Qapdex/SLM750-Edge-1.58-bit	quantized_q4km.gguf	no_ternary_layout	llama.cpp	accepts	
Qapdex/SLM750-Edge-1.58-bit	slm750_edge_q4_k_m_quant_fixed_v2.gguf	no_ternary_layout	llama.cpp	accepts	
QuantFactory/bitnet_b1_58-3B-GGUF	bitnet_b1_58-3B.Q2_K.gguf	no_ternary_layout	llama.cpp	accepts	
QuantFactory/bitnet_b1_58-3B-GGUF	bitnet_b1_58-3B.Q3_K_S.gguf	no_ternary_layout	llama.cpp	accepts	
QuantFactory/bitnet_b1_58-3B-GGUF	bitnet_b1_58-3B.Q4_0.gguf	no_ternary_layout	llama.cpp	accepts	
Rewnozom/Rewnozom-GGUF	extra_current_llama_quants/Q1_0/Rewnozom-1M-LR.Q1_0.gguf	ok	llama.cpp	accepts	
Rewnozom/Rewnozom-GGUF	extra_current_llama_quants/Q2_0/Rewnozom-1M-LR.Q2_0.gguf	ok	llama.cpp	accepts	
Rewnozom/Rewnozom-GGUF	t_quants/TQ1_0/Rewnozom-1M-LR.TQ1_0.gguf	ok	llama.cpp	accepts	
Rewnozom/Rewnozom-GGUF	t_quants/TQ2_0/Rewnozom-1M-LR.TQ2_0.gguf	ok	llama.cpp	accepts	
RichardErkhov/1bitLLM_-_bitnet_b1_58-3B-gguf	bitnet_b1_58-3B.IQ3_S.gguf	no_ternary_layout	llama.cpp	accepts	
RichardErkhov/1bitLLM_-_bitnet_b1_58-3B-gguf	bitnet_b1_58-3B.IQ3_XS.gguf	no_ternary_layout	llama.cpp	accepts	
RichardErkhov/1bitLLM_-_bitnet_b1_58-3B-gguf	bitnet_b1_58-3B.Q2_K.gguf	no_ternary_layout	llama.cpp	accepts	
RichardErkhov/1bitLLM_-_bitnet_b1_58-large-gguf	bitnet_b1_58-large.IQ3_S.gguf	no_ternary_layout	llama.cpp	accepts	
RichardErkhov/1bitLLM_-_bitnet_b1_58-large-gguf	bitnet_b1_58-large.IQ3_XS.gguf	no_ternary_layout	llama.cpp	accepts	
RichardErkhov/1bitLLM_-_bitnet_b1_58-large-gguf	bitnet_b1_58-large.Q2_K.gguf	no_ternary_layout	llama.cpp	accepts	
RichardErkhov/1bitLLM_-_bitnet_b1_58-xl-gguf	bitnet_b1_58-xl.IQ3_M.gguf	refused	llama.cpp	refuses	magic
RichardErkhov/1bitLLM_-_bitnet_b1_58-xl-gguf	bitnet_b1_58-xl.IQ3_S.gguf	refused	llama.cpp	refuses	magic
RichardErkhov/1bitLLM_-_bitnet_b1_58-xl-gguf	bitnet_b1_58-xl.IQ3_XS.gguf	refused	llama.cpp	refuses	magic
RichardErkhov/liminerity_-_Bitnet-Mistral.0.2-330m-v0.2-grokfast-v2.9-gguf	Bitnet-Mistral.0.2-330m-v0.2-grokfast-v2.9.IQ3_S.gguf	no_ternary_layout	llama.cpp	accepts	
RichardErkhov/liminerity_-_Bitnet-Mistral.0.2-330m-v0.2-grokfast-v2.9-gguf	Bitnet-Mistral.0.2-330m-v0.2-grokfast-v2.9.IQ3_XS.gguf	no_ternary_layout	llama.cpp	accepts	
RichardErkhov/liminerity_-_Bitnet-Mistral.0.2-330m-v0.2-grokfast-v2.9-gguf	Bitnet-Mistral.0.2-330m-v0.2-grokfast-v2.9.Q2_K.gguf	no_ternary_layout	llama.cpp	accepts	
RichardErkhov/liminerity_-_Bitnet-Mistral.0.2-47m-v0.1-gguf	Bitnet-Mistral.0.2-47m-v0.1.IQ3_S.gguf	no_ternary_layout	llama.cpp	accepts	
RichardErkhov/liminerity_-_Bitnet-Mistral.0.2-47m-v0.1-gguf	Bitnet-Mistral.0.2-47m-v0.1.IQ3_XS.gguf	no_ternary_layout	llama.cpp	accepts	
RichardErkhov/liminerity_-_Bitnet-Mistral.0.2-47m-v0.1-gguf	Bitnet-Mistral.0.2-47m-v0.1.Q2_K.gguf	no_ternary_layout	llama.cpp	accepts	
RichardErkhov/liminerity_-_Bitnet-Mistral.0.2-47m-v0.2-grokfast1-gguf	Bitnet-Mistral.0.2-47m-v0.2-grokfast1.IQ3_S.gguf	no_ternary_layout	llama.cpp	accepts	
RichardErkhov/liminerity_-_Bitnet-Mistral.0.2-47m-v0.2-grokfast1-gguf	Bitnet-Mistral.0.2-47m-v0.2-grokfast1.IQ3_XS.gguf	no_ternary_layout	llama.cpp	accepts	
RichardErkhov/liminerity_-_Bitnet-Mistral.0.2-47m-v0.2-grokfast1-gguf	Bitnet-Mistral.0.2-47m-v0.2-grokfast1.Q2_K.gguf	no_ternary_layout	llama.cpp	accepts	
RichardErkhov/liminerity_-_llama3-3b-1.58bit-gguf	llama3-3b-1.58bit.Q2_K.gguf	no_ternary_layout	llama.cpp	accepts	
RichardErkhov/liminerity_-_llama3-3b-1.58bit-gguf	llama3-3b-1.58bit.Q3_K.gguf	no_ternary_layout	llama.cpp	accepts	
RichardErkhov/liminerity_-_llama3-3b-1.58bit-gguf	llama3-3b-1.58bit.Q3_K_S.gguf	no_ternary_layout	llama.cpp	accepts	
Rootkit7/Ternary-Bonsai-4B-abliterated	Ternary-Bonsai-4B-abliterated-Q4_K_M.gguf	no_ternary_layout	llama.cpp	accepts	
Rootkit7/Ternary-Bonsai-4B-abliterated	Ternary-Bonsai-4B-abliterated-Q8_0.gguf	no_ternary_layout	llama.cpp	accepts	
Rushi2901/1bitLLM-bitnet_b1_58-large.aaa	ggml-model-i2_s.gguf	ok	bitnet.cpp	refuses	type
Rushi2901/1bitLLM-bitnet_b1_58-large.aaa	ggml-model-tl2.gguf	other_runtime	other	refuses	offsets
SC117/Qwen3.8-Flash-Next-GSQ-RCO-abliterated-GGUF	Q2_0/Qwen3.8-Flash-Next-GSQ-RCO-abliterated-Q2_0-00001-of-00002.gguf	ok	llama.cpp	accepts	
SC117/Qwen3.8-Flash-Next-GSQ-RCO-abliterated-GGUF	mtp-q2_0.gguf	other_runtime	other	refuses	arch
SC117/Swift-1.5-Qwen3.8-Flash-Next-GSQ-RCO-abliterated-GGUF	Q2_0/Swift-Qwen3.8-Flash-Next-GSQ-RCO-abliterated-Q2_0-00001-of-00002.gguf	ok	llama.cpp	accepts	
SC117/Swift-1.5-Qwen3.8-Flash-Next-GSQ-RCO-abliterated-GGUF	mtp-q2_0.gguf	other_runtime	other	refuses	arch
SKPW2/bonsai2-kit	models/Ternary-Bonsai-2-27B-PQ2_0.gguf	ok	prismml	refuses	type
SKPW2/bonsai2-kit	models/Ternary-Bonsai-2-27B-PTQ1_0.gguf	ok	prismml	refuses	type
Schackay3/Qwen3-Next-80B-A3B-Instruct-ternary-GGUF	qwen3-next-80b-a3b-instruct-ternary-Q2_K.gguf	no_ternary_layout	llama.cpp	accepts	
Schiltmans/Ternary-Bonsai-2-27B-DFlash2-ft5-GGUF	Ternary-Bonsai-2-27B-DFlash2-ft5-Q2_K.gguf	no_ternary_layout	llama.cpp	accepts	
Schiltmans/Ternary-Bonsai-2-27B-DFlash2-ft5-GGUF	Ternary-Bonsai-2-27B-DFlash2-ft5-Q4_K_M.gguf	no_ternary_layout	llama.cpp	accepts	
Schiltmans/Ternary-Bonsai-2-27B-DFlash2-ft5-GGUF	Ternary-Bonsai-2-27B-DFlash2-ft5-Q8_0.gguf	no_ternary_layout	llama.cpp	accepts	
Skttttt/Himeros-V2-27B-GGUF	Himeros-V2-27B-Q1_0.gguf	ok	llama.cpp	accepts	
Skttttt/Himeros-V2-27B-GGUF	Himeros-V2-27B-Q2_0.gguf	ok	llama.cpp	accepts	
Snowflake/snowflake-arctic-embed-m-v1.5	gguf/snowflake-arctic-embed-m-v1.5-tq1_0.gguf	ok	llama.cpp	accepts	
Snowflake/snowflake-arctic-embed-m-v1.5	gguf/snowflake-arctic-embed-m-v1.5-tq2_0.gguf	ok	llama.cpp	accepts	
Sudi8dw/Ternary-Bonsai-2-27B-gguf	Ternary-Bonsai-2-27B-PQ2_0.gguf	ok	prismml	refuses	type
Sudi8dw/Ternary-Bonsai-2-27B-gguf	Ternary-Bonsai-2-27B-PTQ1_0.gguf	ok	prismml	refuses	type
SwinliQ-AIn/Bonsai-27B-gguf	Bonsai-27B-Q1_0.gguf	ok	llama.cpp	accepts	
Synapticode/bitnet-b1.58-2B-4T-tq2_0-gguf	bitnet-2b4t-tq2_0.gguf	ok	llama.cpp	accepts	
TAKADOX/Bonsai-2-27B-Ternary-CRACK-GGUF	Bonsai-2-27B-PQ2_0-CRACK.gguf	ok	prismml	refuses	type
TT0518/qwen25-3b-1.58bit-qat	qwen25_3b_qat_q4km.gguf	no_ternary_layout	llama.cpp	accepts	
TechnoBaptist/Ternary-Bonsai-2-27B-gguf	Ternary-Bonsai-2-27B-PQ2_0.gguf	ok	prismml	refuses	type
TechnoBaptist/Ternary-Bonsai-2-27B-gguf	Ternary-Bonsai-2-27B-PTQ1_0.gguf	ok	prismml	refuses	type
TechnoBaptist/VibeVoice-ASR-BitNet	vibeasr-lm-i2_s-embed-q6_k.gguf	ok	bitnet.cpp	refuses	type
Torun00/Bonsai-8B-gguf	Bonsai-8B.gguf	ok	llama.cpp	accepts	
TracNetwork/mayhem-catalog-prism-ml-Ternary-Bonsai-27B-GGUF	Ternary-Bonsai-27B-Q2_0.gguf	refused	llama.cpp	refuses	offsets
UlukaDev/bitnet-ternary-moe-gguf	bitnet-2b-tq1_0.gguf	ok	llama.cpp	accepts	
W-Zil/Bonsai_2_27b_VL_Uncensored-PTQ1_PTQ2-MTP	Ternary-Bonsai-2-27B-Abliterated-PQ2_0-MTP.gguf	ok	prismml	refuses	type
W-Zil/Bonsai_2_27b_VL_Uncensored-PTQ1_PTQ2-MTP	Ternary-Bonsai-2-27B-Uncensored-Heretic-PTQ1_0.gguf	ok	prismml	refuses	type
WariHima/Qwen3.5-9B-Q1_0-GGUF	qwen3.5-9b-q1_0.gguf	ok	llama.cpp	accepts	
WaveCut/Bonsai-web-GGUF	1_7b/Bonsai-1.7B-Q1_0.gguf-00001-of-00001.gguf	ok	llama.cpp	accepts	
WaveCut/Bonsai-web-GGUF	27b/Bonsai-27B-Q1_0.gguf-00001-of-00008.gguf	ok	llama.cpp	accepts	
WaveCut/Bonsai-web-GGUF	4b/Bonsai-4B-Q1_0.gguf-00001-of-00002.gguf	ok	llama.cpp	accepts	
WaveCut/Bonsai-web-GGUF	8b/Bonsai-8B-Q1_0.gguf-00001-of-00003.gguf	ok	llama.cpp	accepts	
XXXXyu/Falcon3-1B-Instruct-1.58bit-vlut-gguf	ggml-model-I1_V.gguf	other_runtime	other	refuses	type
XXXXyu/Falcon3-1B-Instruct-1.58bit-vlut-gguf	ggml-model-I1_V_2.gguf	other_runtime	other	refuses	type
XXXXyu/Falcon3-1B-Instruct-1.58bit-vlut-gguf	ggml-model-I2_V.gguf	other_runtime	other	refuses	offsets
XXXXyu/Llama3-8B-1.58-100B-tokens-vlut-gguf	ggml-model-I1_V.gguf	other_runtime	other	refuses	type
XXXXyu/Llama3-8B-1.58-100B-tokens-vlut-gguf	ggml-model-I1_V_2.gguf	other_runtime	other	refuses	type
XXXXyu/Llama3-8B-1.58-100B-tokens-vlut-gguf	ggml-model-I2_V.gguf	other_runtime	other	refuses	offsets
Zlib2/Bonsai-8B-1bit-GGUF-colab-prebuilt-cpu	Bonsai-8B.gguf	ok	llama.cpp	accepts	
abenzerps/Nex-N2.5-mini-GGUF	Nex-N2.5-mini-TQ1_0.gguf	ok	llama.cpp	accepts	
agentionai/Qwen3.8-Flash-Next-Gyro-abliterated-Huihui-GGUF	Qwen3.8-Flash-Next-Gyro-M-abliterated-TQ2_0.gguf	other_runtime	other	refuses	type
agentionai/Qwen3.8-Flash-Next-Gyro-abliterated-Huihui-GGUF	Qwen3.8-Flash-Next-Gyro-S-abliterated-TQ1_0.gguf	other_runtime	other	refuses	type
ajh-code/Jev-Bonsai-Compass	models/Ternary-Bonsai-2-27B-PQ2_0.gguf	ok	prismml	refuses	type
alesha-pro/Qwen3.8-Flash-Next-abliterated-GSQ-RCO-Strata-GGUF	Q2_0/Qwen3.8-Flash-Next-GSQ-RCO-Q2_0-00001-of-00002.gguf	ok	llama.cpp	accepts	
anemll/Qwen3.8-2.4T-A95B-FlashMoE-UD-Q1_0	model-dense.gguf	no_ternary_layout	llama.cpp	accepts	
apothic/bonsai-8B-1bit-turboquant	models/gguf/8B/Bonsai-8B.gguf	ok	llama.cpp	accepts	
asimfiles/Ternary-Bonsai-2-27B-Pulse	Ternary-Bonsai-2-27B-dspark-dflash-v1-Q4_0.gguf	no_ternary_layout	llama.cpp	accepts	
asimfiles/Ternary-Bonsai-2-27B-Pulse	Ternary-Bonsai-2-27B-dspark-dflash-v2-Q4_K_M.gguf	no_ternary_layout	llama.cpp	accepts	
ayshinko/Bonsai-2-27B-PTQ1_0-MTP-Uncensored-Ready-GGUF	Bonsai-2-27B-PTQ1_0-MTP-Q8_0.gguf	ok	prismml	refuses	type
ayshinko/Swift-Bonsai-2-27B-Katana-MTP-GGUF	Swift-Bonsai-2-27B-Katana-PTQ1_0-MTP-Q8_0.gguf	ok	prismml	refuses	type
bartowski/prism-ml_Bonsai-8B-unpacked-GGUF	prism-ml_Bonsai-8B-unpacked-IQ2_M.gguf	no_ternary_layout	llama.cpp	accepts	
bartowski/prism-ml_Bonsai-8B-unpacked-GGUF	prism-ml_Bonsai-8B-unpacked-IQ3_XXS.gguf	no_ternary_layout	llama.cpp	accepts	
bartowski/prism-ml_Bonsai-8B-unpacked-GGUF	prism-ml_Bonsai-8B-unpacked-Q2_K.gguf	no_ternary_layout	llama.cpp	accepts	
betaprogramming/ralph-v2-qwen3-8b-ternary-af-532294a2	model.gguf	no_ternary_layout	llama.cpp	accepts	
betaprogramming/ralph-v2-qwen3-8b-ternary-af-892aaa10	model.gguf	no_ternary_layout	llama.cpp	accepts	
biali/bonsai-image-binary-4B-GGUF	bonsai_image_4b-mod_q8_0-q1_0.gguf	other_runtime	other	refuses	arch
biali/bonsai-image-binary-4B-GGUF	bonsai_image_4b-q1_0.gguf	other_runtime	other	refuses	arch
bielquants/Ternary-Bonsai-2-27B-gguf	Ternary-Bonsai-2-27B-PQ2_0.gguf	ok	prismml	refuses	type
bielquants/Ternary-Bonsai-2-27B-gguf	Ternary-Bonsai-2-27B-PTQ1_0.gguf	ok	prismml	refuses	type
bloomer010/Ling-3.0-flash-GGUF	Ling-3.0-flash-Q1_0.gguf	ok	llama.cpp	accepts	
bloomer010/Ling-3.0-tiny-GGUF	Ling-3.0-tiny-Q1_0.gguf	ok	llama.cpp	accepts	
brindusa/Ternary-Bonsai-27B-heretic-ja-GGUF	Ternary-Bonsai-27B-heretic-ja-Q2_0.gguf	refused	llama.cpp	refuses	offsets
brindusa/Ternary-Bonsai-27B-heretic-ja-GGUF	Ternary-Bonsai-27B-heretic-ja-Q2_g64.gguf	ok	llama.cpp	accepts	
brunopio/Llama3-8B-1.58-100B-tokens-GGUF	Llama3-8B-1.58-100B-tokens-TQ1_0-F16.gguf	ok	llama.cpp	accepts	
brunopio/Llama3-8B-1.58-100B-tokens-GGUF	Llama3-8B-1.58-100B-tokens-TQ1_0.gguf	ok	llama.cpp	accepts	
brunopio/Llama3-8B-1.58-100B-tokens-GGUF	Llama3-8B-1.58-100B-tokens-TQ2_0.gguf	ok	llama.cpp	accepts	
calcuis/qwen-image-edit-plus-gguf	qwen-image-edit-plus-v2-tq1_0.gguf	other_runtime	other	refuses	arch
calcuis/qwen-image-edit-plus-gguf	qwen-image-edit-plus-v2-tq2_0.gguf	other_runtime	other	refuses	arch
calcuis/wan2-gguf	wan2.2-ti2v-5b-fp32-tq1_0.gguf	other_runtime	other	refuses	shape
calcuis/wan2-gguf	wan2.2-ti2v-5b-fp32-tq2_0.gguf	other_runtime	other	refuses	shape
cocktailpeanut/Bonsai-27B-gguf	Bonsai-27B-Q1_0.gguf	ok	llama.cpp	accepts	
com-kotobalabs/Ternary-Bonsai-2-27B-Refusal-Steering-GGUF	refusal-direction.gguf	other_runtime	other	refuses	arch
cstr/vibevoice-asr-bitnet-GGUF	vibevoice-asr-bitnet-aggro.gguf	other_runtime	other	refuses	arch
cstr/vibevoice-asr-bitnet-GGUF	vibevoice-asr-bitnet-both-q5.gguf	other_runtime	other	refuses	arch
cstr/vibevoice-asr-bitnet-GGUF	vibevoice-bitnet-ref.gguf	other_runtime	other	refuses	arch
cunba-ai/istation	sound/audiocpp/vibeasr/vibeasr-lm-i2_s-embed-q6_k.gguf	other_runtime	other	refuses	type
darkmaniac7/TokForge-Bonsai-2-27B-GGUF	Ternary-Bonsai-2-27B-PQ2_0.gguf	ok	prismml	refuses	type
darkmaniac7/TokForge-Bonsai-2-27B-GGUF	Ternary-Bonsai-2-27B-PTQ1_0.gguf	ok	prismml	refuses	type
darkmaniac7/TokForge-Bonsai-Image-4B-GGUF	Qwen3-4B-Q4_K_M.gguf	no_ternary_layout	llama.cpp	accepts	
darkmaniac7/TokForge-Bonsai-Image-4B-GGUF	bonsai_klein_official_tq2g128.gguf	other_runtime	other	refuses	offsets
darkstarinitiative/AJAN-SIMIT-Ternary-Bonsai-Q2_0-GGUF	AJAN-SIMIT-Ternary-Bonsai-1.7B-Q2_0.gguf	refused	llama.cpp	refuses	offsets
darkstarinitiative/AJAN-SIMIT-Ternary-Bonsai-Q2_0-GGUF	AJAN-SIMIT-Ternary-Bonsai-27B-Q2_0.gguf	refused	llama.cpp	refuses	offsets
darkstarinitiative/AJAN-SIMIT-Ternary-Bonsai-Q2_0-GGUF	AJAN-SIMIT-Ternary-Bonsai-4B-Q2_0.gguf	refused	llama.cpp	refuses	offsets
darkstarinitiative/AJAN-SIMIT-Ternary-Bonsai-Q2_0-GGUF	AJAN-SIMIT-Ternary-Bonsai-4B-TQ2_0.gguf	ok	llama.cpp	accepts	
darkstarinitiative/AJAN-SIMIT-Ternary-Bonsai-Q2_0-GGUF	AJAN-SIMIT-Ternary-Bonsai-8B-Q2_0.gguf	refused	llama.cpp	refuses	offsets
darkstarinitiative/AJAN-SIMIT-Ternary-Bonsai-Q2_0-GGUF	AJAN-SIMIT-Ternary-Bonsai-8B-TQ2_0.gguf	ok	llama.cpp	accepts	
davetha/Ternary-Bonsai-2-27B-Abliterated-PQ2_0-GGUF	Ternary-Bonsai-2-27B-Abliterated-PQ2_0.gguf	ok	prismml	refuses	type
dealignai/Bonsai-2-27B-1bit-CRACK-GGUF	Bonsai-2-27B-PTQ1_0-CRACK.gguf	ok	prismml	refuses	type
dealignai/Bonsai-2-27B-Ternary-CRACK-GGUF	Bonsai-2-27B-PQ2_0-CRACK.gguf	ok	prismml	refuses	type
dealignai/Bonsai-27b-1bit-CRACK-GGUF	Bonsai-27b-1bit-CRACK-Q1_0.gguf	ok	llama.cpp	accepts	
dealignai/Bonsai-27b-Ternary-CRACK-GGUF	Bonsai-27b-Ternary-CRACK-Q2_0.gguf	refused	llama.cpp	refuses	offsets
decent-jawfish/bonsai-2-27b-mtp	Bonsai-2-27B-PQ2_0-MTP.gguf	ok	prismml	refuses	type
deepgrove/maple-preview-GGUF	maple-preview-TQ1_0-head-F16.gguf	ok	llama.cpp	accepts	
deepgrove/maple-preview-GGUF	maple-preview-TQ1_0-head-Q4_K.gguf	ok	llama.cpp	accepts	
deepgrove/maple-preview-GGUF	maple-preview-TQ2_0-head-F16.gguf	ok	llama.cpp	accepts	
deepgrove/maple-preview-GGUF	maple-preview-TQ2_0-head-Q4_K.gguf	ok	llama.cpp	accepts	
developerjeremylive/Ternary-Bonsai-2-27B-gguf-etheroi	Ternary-Bonsai-2-27B-PQ2_0.gguf	ok	prismml	refuses	type
developerjeremylive/Ternary-Bonsai-2-27B-gguf-etheroi	Ternary-Bonsai-2-27B-PTQ1_0.gguf	ok	prismml	refuses	type
devendradhakad/autodroid-prism-ml-Bonsai-27B-gguf	Bonsai-27B-Q1_0.gguf	ok	llama.cpp	accepts	
devendradhakad/autodroid-prism-ml-Ternary-Bonsai-27B-gguf	Ternary-Bonsai-27B-Q2_g64.gguf	ok	llama.cpp	accepts	
eugenehp/Llama3-8B-1.58-100B-tokens-GGUF	ggml-model-i2_s.gguf	ok	bitnet.cpp	refuses	type
eugenehp/bonsai-27b-gguf	Bonsai-27B-Q1_0.gguf	ok	llama.cpp	accepts	
ewchampion/Ternary-Bonsai-8B-TQ2_0-GGUF	Ternary-Bonsai-8B-TQ2_0.gguf	ok	llama.cpp	accepts	
fjfhdj/Bonsai-27B-gguf	Bonsai-27B-Q1_0.gguf	ok	llama.cpp	accepts	
flyingfishinwater/good_and_small_models	Ternary-Bonsai-1.7B-PQ2_0.gguf	ok	prismml	refuses	type
flyingfishinwater/good_and_small_models	Ternary-Bonsai-4B-PQ2_0.gguf	ok	prismml	refuses	type
flyingfishinwater/good_and_small_models	Ternary-Bonsai-8B-PQ2_0.gguf	ok	prismml	refuses	type
gaston-parravicini/Ternary-Bonsai-2-27B-Uncensored-Gaston-GGUF	Ternary-Bonsai-2-27B-Uncensored-Gaston-PQ2_0-MTP.gguf	ok	prismml	refuses	type
gaston-parravicini/Ternary-Bonsai-2-27B-Uncensored-Gaston-GGUF	Ternary-Bonsai-2-27B-Uncensored-Gaston-PQ2_0.gguf	ok	prismml	refuses	type
gaston-parravicini/Ternary-Bonsai-2-27B-Uncensored-Gaston-GGUF	Ternary-Bonsai-2-27B-Uncensored-Gaston-PTQ1_0-MTP.gguf	ok	prismml	refuses	type
gaston-parravicini/Ternary-Bonsai-2-27B-Uncensored-Gaston-GGUF	Ternary-Bonsai-2-27B-Uncensored-Gaston-PTQ1_0.gguf	ok	prismml	refuses	type
gianni-cor/bitnet_b1_58-large-TQ2_0	bitnet_b1_58-large-TQ2_0.gguf	ok	llama.cpp	accepts	
groxaxo/Bonsai-2-27B-PQ2_0-MTP-GGUF	Bonsai-2-27B-PQ2_0-MTP.gguf	ok	prismml	refuses	type
groxaxo/Ternary-Bonsai-2-27B-Abliterated-v2-PQ2_0-MTP-GGUF-3060-bench	Ternary-Bonsai-2-27B-Abliterated-v2-PQ2_0-MTP.gguf	ok	prismml	refuses	type
groxaxo/Ternary-Bonsai-2-27B-PTQ1_0-and-own42-LoRA-GGUF	Ternary-Bonsai-2-27B-PTQ1_0.gguf	ok	prismml	refuses	type
huihui-ai/Huihui-Qwen3.8-27B-abliterated-GGUF	Huihui-Qwen3.8-27B-abliterated-Ternary-Bonsai-PQ2_0.gguf	ok	prismml	refuses	type
huihui-ai/Huihui-Qwen3.8-27B-abliterated-GGUF	Huihui-Qwen3.8-27B-abliterated-Ternary-Bonsai-PTQ1_0.gguf	ok	prismml	refuses	type
ilkhom02011994/Bonsai-27B-gguf	Bonsai-27B-Q1_0.gguf	ok	llama.cpp	accepts	
j955229/Swift-Bonsai-2-Uncensor-PQ2_0	Swift-Bonsai-2-Uncensor-PQ2_0.gguf	ok	prismml	refuses	type
jakeatx/Qwen3.8-27B-Ternary-PQ2_0-MTP-GGUF	Qwen3.8-27B-Ternary-PQ2_0-MTP.gguf	ok	prismml	refuses	type
jakeatx/Qwen3.8-27B-Ternary-PTQ1_0-MTP-GGUF	Qwen3.8-27B-Ternary-PTQ1_0-MTP.gguf	ok	prismml	refuses	type
jinreiyu/Bonsai-REDUX2-GGUF-BLANKPRIMER-REDUX6-HighLowLITE-gguf	Bonsai-REDUX2-BLANKPRIMER-REDUX6-HighLowLITE.gguf	no_ternary_layout	llama.cpp	accepts	
jinreiyu/Bonsai-REDUX2-GGUF-BLANKPRIMER-REDUX6-HighLowLITE-gguf	Bonsai-REDUX2-BLANKPRIMER-V5-Lean.gguf	no_ternary_layout	llama.cpp	accepts	
jinreiyu/Bonsai-REDUX2-GGUF-BLANKPRIMER-REDUX6-HighLowLITE-gguf	Bonsai-REDUX2-Johnny-V4-Lean.gguf	no_ternary_layout	llama.cpp	accepts	
jinreiyu/Bonsai-REDUX2-GGUF-Q4_K_M-BLANK-PRIMED-V5-LeanV2-gguf	Bonsai-REDUX2-BLANKPRIMER-REDUX5-V5-Lean-V2.gguf	no_ternary_layout	llama.cpp	accepts	
jinreiyu/Bonsai-REDUX2-GGUF-Q4_K_M-BLANK-PRIMED-V5-LeanV2-gguf	Bonsai-REDUX2-BLANKPRIMER-V5-Lean.gguf	no_ternary_layout	llama.cpp	accepts	
jinreiyu/Bonsai-REDUX2-GGUF-Q4_K_M-BLANK-PRIMED-V5-LeanV2-gguf	Bonsai-REDUX2-Johnny-V4-Lean.gguf	no_ternary_layout	llama.cpp	accepts	
jinreiyu/Bonsai-REDUX2-GGUF-Q4_K_M-Johnny-LORA-V4-LeanFix-gguf	Bonsai-REDUX2-Johnny-V3-Q4_K_M.gguf	no_ternary_layout	llama.cpp	accepts	
jinreiyu/Bonsai-REDUX2-GGUF-Q4_K_M-Johnny-LORA-V4-LeanFix-gguf	Bonsai-REDUX2-Johnny-V4-Lean.gguf	no_ternary_layout	llama.cpp	accepts	
jinreiyu/Bonsai-REDUX2-gguf-Q2_K-altered	Bonsai-REDUX2-altered-Q2_K.gguf	no_ternary_layout	llama.cpp	accepts	
jinreiyu/bonsai-redux2-johnny-lora-v3-q4_k_m-gguf	Bonsai-REDUX2-Johnny-V3-Q4_K_M.gguf	no_ternary_layout	llama.cpp	accepts	
jinreiyu/clone-Bonsai-8B-gguf	Bonsai-8B-Q1_0.gguf	ok	llama.cpp	accepts	
jinreiyu/cloned-Bonsai-27B-gguf	Bonsai-27B-Q1_0.gguf	ok	llama.cpp	accepts	
jinreiyu/cloned-Ternary-Bonsai-27B-gguf	Ternary-Bonsai-27B-PQ2_0.gguf	ok	prismml	refuses	type
jinreiyu/cloned-Ternary-Bonsai-27B-gguf	Ternary-Bonsai-27B-Q2_0.gguf	refused	llama.cpp	refuses	offsets
jinreiyu/cloned-Ternary-Bonsai-27B-gguf	Ternary-Bonsai-27B-Q2_g64.gguf	ok	llama.cpp	accepts	
jmb95/bitnet_b1_58-large-TQ2_0-sharded	bitnet_b1_58-large-TQ2_0-00001-of-00008.gguf	ok	llama.cpp	accepts	
jpacifico/Aramis-2B-BitNet-b1.58-i2s-GGUF	aramis-ggml-model-i2_s.gguf	other_runtime	other	refuses	type
kantundpeterpan/Ternary-Bonsai-2-27B-gguf	Ternary-Bonsai-2-27B-PQ2_0.gguf	ok	prismml	refuses	type
killy369/Ternary-Bonsai-2-27B-MTP-drafter-GGUF	mtp-bonsai2-native-v5b-dv64k.gguf	refused	prismml	refuses	type
kineticforge/Particle-Raw-2B-Ternary-Preview	gguf/Particle-2B-g128-fit2-s097-IQ3_M.gguf	no_ternary_layout	llama.cpp	accepts	
ldov/Ternary-Bonsai-2-27B-Uncensored-Heretic-GGUF	Ternary-Bonsai-2-27B-Uncensored-Heretic-PQ2_0.gguf	ok	prismml	refuses	type
ldov/Ternary-Bonsai-2-27B-Uncensored-Heretic-GGUF	Ternary-Bonsai-2-27B-Uncensored-Heretic-PTQ1_0.gguf	ok	prismml	refuses	type
ldov/Ternary-Bonsai-2-27B-gguf	Ternary-Bonsai-2-27B-PQ2_0.gguf	ok	prismml	refuses	type
ldov/Ternary-Bonsai-2-27B-gguf	Ternary-Bonsai-2-27B-PTQ1_0.gguf	ok	prismml	refuses	type
leeaandrob/Bonsai-27B-1bit-gguf	Bonsai-27B-Q1_0.gguf	ok	llama.cpp	accepts	
leeaandrob/ternary-bonsai-27b-gguf	Ternary-Bonsai-27B-PQ2_0.gguf	ok	prismml	refuses	type
leeaandrob/ternary-bonsai-27b-gguf	Ternary-Bonsai-27B-Q2_0.gguf	refused	llama.cpp	refuses	offsets
leeaandrob/ternary-bonsai-27b-gguf	Ternary-Bonsai-27B-Q2_g64.gguf	ok	llama.cpp	accepts	
leeaandrob/ternary-bonsai-8b-gguf	Ternary-Bonsai-8B-Q2_0.gguf	refused	llama.cpp	refuses	offsets
leeaandrob/ternary-bonsai-8b-gguf	Ternary-Bonsai-8B-Q2_0_g64.gguf	ok	llama.cpp	accepts	
lilyanatia/Bonsai-1.7B-requantized	Bonsai-1.7B-IQ1_S.gguf	no_ternary_layout	llama.cpp	accepts	
lilyanatia/Bonsai-1.7B-requantized	Bonsai-1.7B-Q2_K.gguf	no_ternary_layout	llama.cpp	accepts	
lilyanatia/Bonsai-4B-requantized	Bonsai-4B-IQ1_S.gguf	no_ternary_layout	llama.cpp	accepts	
lilyanatia/Bonsai-4B-requantized	Bonsai-4B-Q2_K.gguf	no_ternary_layout	llama.cpp	accepts	
lilyanatia/Bonsai-8B-requantized	Bonsai-8B-IQ1_S.gguf	no_ternary_layout	llama.cpp	accepts	
lilyanatia/Bonsai-8B-requantized	Bonsai-8B-Q2_K.gguf	no_ternary_layout	llama.cpp	accepts	
livadies/Bonsai-27B-Android-Local	models/Bonsai-27B-Q1_0.gguf	ok	llama.cpp	accepts	
llmsforall/Millie-1.1-35B-A3B-Ternary	Millie-1.1-35B-A3B-Ternary.gguf	other_runtime	other	refuses	type
llmsforall/Millie-1.1-35B-A3B-Ternary	Millie-1.1-35B-A3B-vision.gguf	other_runtime	other	refuses	type
lmstudio-community/Bonsai-27B-GGUF	Bonsai-27B-Q1_0.gguf	ok	llama.cpp	accepts	
mayomacam/Bonsai-8B-gguf	Bonsai-8B.gguf	ok	llama.cpp	accepts	
microsoft/VibeVoice-ASR-BitNet	vibeasr-lm-i2_s-embed-q6_k.gguf	ok	bitnet.cpp	refuses	type
microsoft/bitnet-b1.58-2B-4T-gguf	ggml-model-i2_s.gguf	ok	bitnet.cpp	refuses	type
microsoft/bitnet-embedding-0.6b	bitnet-embeddings-0.6b-bf16-i2_s.gguf	ok	bitnet.cpp	refuses	type
microsoft/bitnet-embedding-270m	bitnet-embeddings-270m-bf16-i2_s.gguf	ok	bitnet.cpp	refuses	type
microsoft/phi-4-gguf	phi-4-TQ1_0.gguf	ok	llama.cpp	accepts	
microsoft/phi-4-gguf	phi-4-TQ2_0.gguf	ok	llama.cpp	accepts	
mradermacher/Bitnet-Ara-Llama-77M-GGUF	Bitnet-Ara-Llama-77M.Q2_K.gguf	no_ternary_layout	llama.cpp	accepts	
mradermacher/Bitnet-Ara-Llama-77M-GGUF	Bitnet-Ara-Llama-77M.Q3_K_M.gguf	no_ternary_layout	llama.cpp	accepts	
mradermacher/Bitnet-Ara-Llama-77M-GGUF	Bitnet-Ara-Llama-77M.Q3_K_S.gguf	no_ternary_layout	llama.cpp	accepts	
mradermacher/Bitnet-LLaMa3-GGUF	Bitnet-LLaMa3.Q2_K.gguf	no_ternary_layout	llama.cpp	accepts	
mradermacher/Bitnet-LLaMa3-GGUF	Bitnet-LLaMa3.Q3_K_M.gguf	no_ternary_layout	llama.cpp	accepts	
mradermacher/Bitnet-LLaMa3-GGUF	Bitnet-LLaMa3.Q3_K_S.gguf	no_ternary_layout	llama.cpp	accepts	
mradermacher/Bitnet-Llama-105M-GGUF	Bitnet-Llama-105M.Q2_K.gguf	no_ternary_layout	llama.cpp	accepts	
mradermacher/Bitnet-Llama-105M-GGUF	Bitnet-Llama-105M.Q3_K_M.gguf	no_ternary_layout	llama.cpp	accepts	
mradermacher/Bitnet-Llama-105M-GGUF	Bitnet-Llama-105M.Q3_K_S.gguf	no_ternary_layout	llama.cpp	accepts	
mradermacher/Bitnet-Llama-70M-GGUF	Bitnet-Llama-70M.Q2_K.gguf	no_ternary_layout	llama.cpp	accepts	
mradermacher/Bitnet-Llama-70M-GGUF	Bitnet-Llama-70M.Q3_K_M.gguf	no_ternary_layout	llama.cpp	accepts	
mradermacher/Bitnet-Llama-70M-GGUF	Bitnet-Llama-70M.Q3_K_S.gguf	no_ternary_layout	llama.cpp	accepts	
mradermacher/Bitnet-Llama-7B-GGUF	Bitnet-Llama-7B.Q2_K.gguf	no_ternary_layout	llama.cpp	accepts	
mradermacher/Bitnet-Llama-7B-GGUF	Bitnet-Llama-7B.Q3_K_M.gguf	no_ternary_layout	llama.cpp	accepts	
mradermacher/Bitnet-Llama-7B-GGUF	Bitnet-Llama-7B.Q3_K_S.gguf	no_ternary_layout	llama.cpp	accepts	
mradermacher/Bitnet-Llama-bn-70M-GGUF	Bitnet-Llama-bn-70M.Q2_K.gguf	no_ternary_layout	llama.cpp	accepts	
mradermacher/Bitnet-Llama-bn-70M-GGUF	Bitnet-Llama-bn-70M.Q3_K_M.gguf	no_ternary_layout	llama.cpp	accepts	
mradermacher/Bitnet-Llama-bn-70M-GGUF	Bitnet-Llama-bn-70M.Q3_K_S.gguf	no_ternary_layout	llama.cpp	accepts	
mradermacher/Bitnet-Llama3-from8BM-now2B-GGUF	Bitnet-Llama3-from8BM-now2B.IQ3_XS.gguf	no_ternary_layout	llama.cpp	accepts	
mradermacher/Bitnet-Llama3-from8BM-now2B-GGUF	Bitnet-Llama3-from8BM-now2B.Q2_K.gguf	no_ternary_layout	llama.cpp	accepts	
mradermacher/Bitnet-Llama3-from8BM-now2B-GGUF	Bitnet-Llama3-from8BM-now2B.Q3_K_S.gguf	no_ternary_layout	llama.cpp	accepts	
mradermacher/Bitnet-M7-70m-GGUF	Bitnet-M7-70m.Q2_K.gguf	no_ternary_layout	llama.cpp	accepts	
mradermacher/Bitnet-M7-70m-GGUF	Bitnet-M7-70m.Q3_K_M.gguf	no_ternary_layout	llama.cpp	accepts	
mradermacher/Bitnet-M7-70m-GGUF	Bitnet-M7-70m.Q3_K_S.gguf	no_ternary_layout	llama.cpp	accepts	
mradermacher/Bitnet-M7-70m-i1-GGUF	Bitnet-M7-70m.i1-IQ1_M.gguf	no_ternary_layout	llama.cpp	accepts	
mradermacher/Bitnet-M7-70m-i1-GGUF	Bitnet-M7-70m.i1-IQ1_S.gguf	no_ternary_layout	llama.cpp	accepts	
mradermacher/Bitnet-M7-70m-i1-GGUF	Bitnet-M7-70m.i1-IQ2_XXS.gguf	no_ternary_layout	llama.cpp	accepts	
mradermacher/Bitnet-Mistral.0.2-330m-v0.2-grokfast-v2-GGUF	Bitnet-Mistral.0.2-330m-v0.2-grokfast-v2.Q2_K.gguf	no_ternary_layout	llama.cpp	accepts	
mradermacher/Bitnet-Mistral.0.2-330m-v0.2-grokfast-v2-GGUF	Bitnet-Mistral.0.2-330m-v0.2-grokfast-v2.Q3_K_M.gguf	no_ternary_layout	llama.cpp	accepts	
mradermacher/Bitnet-Mistral.0.2-330m-v0.2-grokfast-v2-GGUF	Bitnet-Mistral.0.2-330m-v0.2-grokfast-v2.Q3_K_S.gguf	no_ternary_layout	llama.cpp	accepts	
mradermacher/Bitnet-Mistral.0.2-330m-v0.2-grokfast-v2.8-GGUF	Bitnet-Mistral.0.2-330m-v0.2-grokfast-v2.8.Q2_K.gguf	no_ternary_layout	llama.cpp	accepts	
mradermacher/Bitnet-Mistral.0.2-330m-v0.2-grokfast-v2.8-GGUF	Bitnet-Mistral.0.2-330m-v0.2-grokfast-v2.8.Q3_K_M.gguf	no_ternary_layout	llama.cpp	accepts	
mradermacher/Bitnet-Mistral.0.2-330m-v0.2-grokfast-v2.8-GGUF	Bitnet-Mistral.0.2-330m-v0.2-grokfast-v2.8.Q3_K_S.gguf	no_ternary_layout	llama.cpp	accepts	
mradermacher/Bitnet-Mistral.0.2-v6.5-GGUF	Bitnet-Mistral.0.2-v6.5.IQ3_S.gguf	no_ternary_layout	llama.cpp	accepts	
mradermacher/Bitnet-Mistral.0.2-v6.5-GGUF	Bitnet-Mistral.0.2-v6.5.IQ3_XS.gguf	no_ternary_layout	llama.cpp	accepts	
mradermacher/Bitnet-Mistral.0.2-v6.5-GGUF	Bitnet-Mistral.0.2-v6.5.Q2_K.gguf	no_ternary_layout	llama.cpp	accepts	
mradermacher/Bitnet-Mistral.0.2-v6.8-GGUF	Bitnet-Mistral.0.2-v6.8.IQ3_S.gguf	no_ternary_layout	llama.cpp	accepts	
mradermacher/Bitnet-Mistral.0.2-v6.8-GGUF	Bitnet-Mistral.0.2-v6.8.IQ3_XS.gguf	no_ternary_layout	llama.cpp	accepts	
mradermacher/Bitnet-Mistral.0.2-v6.8-GGUF	Bitnet-Mistral.0.2-v6.8.Q2_K.gguf	no_ternary_layout	llama.cpp	accepts	
mradermacher/Bitnet-Qwen2.5-70M-GGUF	Bitnet-Qwen2.5-70M.Q2_K.gguf	no_ternary_layout	llama.cpp	accepts	
mradermacher/Bitnet-Qwen2.5-70M-GGUF	Bitnet-Qwen2.5-70M.Q3_K_M.gguf	no_ternary_layout	llama.cpp	accepts	
mradermacher/Bitnet-Qwen2.5-70M-GGUF	Bitnet-Qwen2.5-70M.Q3_K_S.gguf	no_ternary_layout	llama.cpp	accepts	
mradermacher/Bitnet-SmolLM-135M-GGUF	Bitnet-SmolLM-135M.IQ3_S.gguf	no_ternary_layout	llama.cpp	accepts	
mradermacher/Bitnet-SmolLM-135M-GGUF	Bitnet-SmolLM-135M.IQ3_XS.gguf	no_ternary_layout	llama.cpp	accepts	
mradermacher/Bitnet-SmolLM-135M-GGUF	Bitnet-SmolLM-135M.Q2_K.gguf	no_ternary_layout	llama.cpp	accepts	
mradermacher/Bonsai-1.7B-unpacked-i1-GGUF	Bonsai-1.7B-unpacked.i1-Q1_0.gguf	ok	llama.cpp	accepts	
mradermacher/Bonsai-4B-unpacked-i1-GGUF	Bonsai-4B-unpacked.i1-Q1_0.gguf	ok	llama.cpp	accepts	
mradermacher/Bonsai-8B-unpacked-GGUF	Bonsai-8B-unpacked.Q1_0.gguf	ok	llama.cpp	accepts	
mradermacher/Bonsai-8B-unpacked-i1-GGUF	Bonsai-8B-unpacked.i1-Q1_0.gguf	ok	llama.cpp	accepts	
mradermacher/Falcon-E-1B-Instruct-bf16-GGUF	Falcon-E-1B-Instruct-bf16.Q2_K.gguf	no_ternary_layout	llama.cpp	accepts	
mradermacher/Falcon-E-MoT-GGUF	Falcon-E-MoT.Q2_K.gguf	no_ternary_layout	llama.cpp	accepts	
mradermacher/Falcon-E-MoT-GGUF	Falcon-E-MoT.Q3_K_M.gguf	no_ternary_layout	llama.cpp	accepts	
mradermacher/Falcon-E-MoT-GGUF	Falcon-E-MoT.Q3_K_S.gguf	no_ternary_layout	llama.cpp	accepts	
mradermacher/Llama-3.1-Bonsaikraft-8B-Instruct-GGUF	Llama-3.1-Bonsaikraft-8B-Instruct.Q2_K.gguf	no_ternary_layout	llama.cpp	accepts	
mradermacher/Llama-3.1-Bonsaikraft-8B-Instruct-GGUF	Llama-3.1-Bonsaikraft-8B-Instruct.Q3_K_M.gguf	no_ternary_layout	llama.cpp	accepts	
mradermacher/Llama-3.1-Bonsaikraft-8B-Instruct-GGUF	Llama-3.1-Bonsaikraft-8B-Instruct.Q3_K_S.gguf	no_ternary_layout	llama.cpp	accepts	
mradermacher/Llama-3.1-Bonsaikraft-8B-Instruct-i1-GGUF	Llama-3.1-Bonsaikraft-8B-Instruct.i1-IQ1_M.gguf	no_ternary_layout	llama.cpp	accepts	
mradermacher/Llama-3.1-Bonsaikraft-8B-Instruct-i1-GGUF	Llama-3.1-Bonsaikraft-8B-Instruct.i1-IQ1_S.gguf	no_ternary_layout	llama.cpp	accepts	
mradermacher/Llama-3.1-Bonsaikraft-8B-Instruct-i1-GGUF	Llama-3.1-Bonsaikraft-8B-Instruct.i1-IQ2_XXS.gguf	no_ternary_layout	llama.cpp	accepts	
mradermacher/Qwen3-8B-PTQTP-1.58b-GGUF	Qwen3-8B-PTQTP-1.58b.Q2_K.gguf	no_ternary_layout	llama.cpp	accepts	
mradermacher/Qwen3-8B-PTQTP-1.58b-GGUF	Qwen3-8B-PTQTP-1.58b.Q3_K_M.gguf	no_ternary_layout	llama.cpp	accepts	
mradermacher/Qwen3-8B-PTQTP-1.58b-GGUF	Qwen3-8B-PTQTP-1.58b.Q3_K_S.gguf	no_ternary_layout	llama.cpp	accepts	
mradermacher/bitnet-mistal-m7-70m-slerp-i1-GGUF	bitnet-mistal-m7-70m-slerp.i1-IQ1_M.gguf	no_ternary_layout	llama.cpp	accepts	
mradermacher/bitnet-mistal-m7-70m-slerp-i1-GGUF	bitnet-mistal-m7-70m-slerp.i1-IQ1_S.gguf	no_ternary_layout	llama.cpp	accepts	
mradermacher/bitnet-mistal-m7-70m-slerp-i1-GGUF	bitnet-mistal-m7-70m-slerp.i1-IQ2_XXS.gguf	no_ternary_layout	llama.cpp	accepts	
mradermacher/bitnet_b1_58-3B-GGUF	bitnet_b1_58-3B.IQ4_XS.gguf	no_ternary_layout	llama.cpp	accepts	
mradermacher/bitnet_b1_58-3B-GGUF	bitnet_b1_58-3B.Q2_K.gguf	no_ternary_layout	llama.cpp	accepts	
mradermacher/bitnet_b1_58-3B-GGUF	bitnet_b1_58-3B.Q3_K_S.gguf	no_ternary_layout	llama.cpp	accepts	
mradermacher/bitnet_b1_58-3B-i1-GGUF	bitnet_b1_58-3B.i1-IQ1_M.gguf	no_ternary_layout	llama.cpp	accepts	
mradermacher/bitnet_b1_58-3B-i1-GGUF	bitnet_b1_58-3B.i1-IQ1_S.gguf	no_ternary_layout	llama.cpp	accepts	
mradermacher/bitnet_b1_58-3B-i1-GGUF	bitnet_b1_58-3B.i1-IQ2_M.gguf	no_ternary_layout	llama.cpp	accepts	
mradermacher/bitnet_b1_58-large-GGUF	bitnet_b1_58-large.Q2_K.gguf	no_ternary_layout	llama.cpp	accepts	
mradermacher/bitnet_b1_58-large-GGUF	bitnet_b1_58-large.Q3_K_M.gguf	no_ternary_layout	llama.cpp	accepts	
mradermacher/bitnet_b1_58-large-GGUF	bitnet_b1_58-large.Q3_K_S.gguf	no_ternary_layout	llama.cpp	accepts	
mradermacher/bitnet_b1_58-large-i1-GGUF	bitnet_b1_58-large.i1-IQ1_M.gguf	no_ternary_layout	llama.cpp	accepts	
mradermacher/bitnet_b1_58-large-i1-GGUF	bitnet_b1_58-large.i1-IQ1_S.gguf	no_ternary_layout	llama.cpp	accepts	
mradermacher/bitnet_b1_58-large-i1-GGUF	bitnet_b1_58-large.i1-IQ2_XXS.gguf	no_ternary_layout	llama.cpp	accepts	
mradermacher/bonsai-2b-GGUF	bonsai-2b.Q2_K.gguf	no_ternary_layout	llama.cpp	accepts	
mradermacher/bonsai-2b-GGUF	bonsai-2b.Q3_K_M.gguf	no_ternary_layout	llama.cpp	accepts	
mradermacher/bonsai-2b-GGUF	bonsai-2b.Q3_K_S.gguf	no_ternary_layout	llama.cpp	accepts	
mradermacher/bonsai-2b-i1-GGUF	bonsai-2b.i1-IQ1_M.gguf	no_ternary_layout	llama.cpp	accepts	
mradermacher/bonsai-2b-i1-GGUF	bonsai-2b.i1-IQ1_S.gguf	no_ternary_layout	llama.cpp	accepts	
mradermacher/bonsai-2b-i1-GGUF	bonsai-2b.i1-IQ2_XXS.gguf	no_ternary_layout	llama.cpp	accepts	
mradermacher/claudius-bonsai-8b-GGUF	claudius-bonsai-8b.Q2_K.gguf	no_ternary_layout	llama.cpp	accepts	
mradermacher/claudius-bonsai-8b-GGUF	claudius-bonsai-8b.Q3_K_M.gguf	no_ternary_layout	llama.cpp	accepts	
mradermacher/claudius-bonsai-8b-GGUF	claudius-bonsai-8b.Q3_K_S.gguf	no_ternary_layout	llama.cpp	accepts	
naklitechie/Qwen3.8-27B-DFlash2-ternary-bonsai2	Qwen3.8-27B-DFlash2-r3-Q4_K_M.gguf	no_ternary_layout	llama.cpp	accepts	
nesoai/Ternary-Bonsai-2-27B-gguf	Ternary-Bonsai-2-27B-PQ2_0.gguf	ok	prismml	refuses	type
nesoai/Ternary-Bonsai-2-27B-gguf	Ternary-Bonsai-2-27B-PTQ1_0.gguf	ok	prismml	refuses	type
ngquocvinh/AliceAI-T5-35B-A0.6B-GGUF	AliceAI-T5-35B-A0.6B-Q1_0.gguf	other_runtime	other	refuses	arch
ngquocvinh/AliceAI-T5-35B-A0.6B-GGUF	AliceAI-T5-35B-A0.6B-Q2_0.gguf	other_runtime	other	refuses	arch
ngquocvinh/AliceAI-T5-35B-A0.6B-GGUF	AliceAI-T5-35B-A0.6B-TQ1_0.gguf	other_runtime	other	refuses	arch
ngquocvinh/AliceAI-T5-35B-A0.6B-GGUF	AliceAI-T5-35B-A0.6B-TQ2_0.gguf	other_runtime	other	refuses	arch
ngquocvinh/K2-Horizon-MoVA-36B-A4B-GGUF	K2-Horizon-MoVA-36B-A4B-Q1_0.gguf	other_runtime	other	refuses	arch
ngquocvinh/MiMo-V2.6-Distill-Qwen-9B-GGUF	MiMo-V2.6-Distill-Qwen-9B-Q1_0.gguf	ok	llama.cpp	accepts	
ngquocvinh/NeoHorse-1-4B-GGUF	NeoHorse-1-4B-Q1_0.gguf	ok	llama.cpp	accepts	
ngquocvinh/NeoHorse-1-4B-GGUF	NeoHorse-1-4B-TQ1_0.gguf	ok	llama.cpp	accepts	
ngquocvinh/NeoHorse-1-4B-GGUF	NeoHorse-1-4B-TQ2_0.gguf	ok	llama.cpp	accepts	
npario/Ternary-Bonsai-2-27B-gguf	Ternary-Bonsai-2-27B-PQ2_0.gguf	ok	prismml	refuses	type
npario/Ternary-Bonsai-2-27B-gguf	Ternary-Bonsai-2-27B-PTQ1_0.gguf	ok	prismml	refuses	type
nuottroisaoduoc/Bonsai-2-27B-Ternary-CRACK-GGUF	Bonsai-2-27B-PQ2_0-CRACK.gguf	ok	prismml	refuses	type
penkia/TernaryQuench-Qwen3.8-27B-GGUF	TernaryQuench-Qwen3.8-27B-Hybrid-Q2_0.gguf	ok	llama.cpp	accepts	
prism-ml/Bonsai-1.7B-gguf	Bonsai-1.7B-Q1_0.gguf	ok	llama.cpp	accepts	
prism-ml/Bonsai-27B-gguf	Bonsai-27B-Q1_0.gguf	ok	llama.cpp	accepts	
prism-ml/Bonsai-4B-gguf	Bonsai-4B-Q1_0.gguf	ok	llama.cpp	accepts	
prism-ml/Bonsai-8B-gguf	Bonsai-8B-Q1_0.gguf	ok	llama.cpp	accepts	
prism-ml/Ternary-Bonsai-1.7B-gguf	Ternary-Bonsai-1.7B-PQ2_0.gguf	ok	prismml	refuses	type
prism-ml/Ternary-Bonsai-1.7B-gguf	Ternary-Bonsai-1.7B-Q2_0.gguf	refused	llama.cpp	refuses	offsets
prism-ml/Ternary-Bonsai-1.7B-gguf	Ternary-Bonsai-1.7B-Q2_0_g64.gguf	ok	llama.cpp	accepts	
prism-ml/Ternary-Bonsai-2-27B-gguf	Ternary-Bonsai-2-27B-PQ2_0.gguf	ok	prismml	refuses	type
prism-ml/Ternary-Bonsai-2-27B-gguf	Ternary-Bonsai-2-27B-PTQ1_0.gguf	ok	prismml	refuses	type
prism-ml/Ternary-Bonsai-2-27B-gguf-dev	Ternary-Bonsai-2-27B-Q2_0-prism-fork-required.gguf	ok	prismml	ignores_rotation	
prism-ml/Ternary-Bonsai-27B-gguf	Ternary-Bonsai-27B-PQ2_0.gguf	ok	prismml	refuses	type
prism-ml/Ternary-Bonsai-27B-gguf	Ternary-Bonsai-27B-Q2_0.gguf	refused	llama.cpp	refuses	offsets
prism-ml/Ternary-Bonsai-27B-gguf	Ternary-Bonsai-27B-Q2_g64.gguf	ok	llama.cpp	accepts	
prism-ml/Ternary-Bonsai-4B-gguf	Ternary-Bonsai-4B-PQ2_0.gguf	ok	prismml	refuses	type
prism-ml/Ternary-Bonsai-4B-gguf	Ternary-Bonsai-4B-Q2_0.gguf	refused	llama.cpp	refuses	offsets
prism-ml/Ternary-Bonsai-4B-gguf	Ternary-Bonsai-4B-Q2_0_g64.gguf	ok	llama.cpp	accepts	
prism-ml/Ternary-Bonsai-8B-gguf	Ternary-Bonsai-8B-PQ2_0.gguf	ok	prismml	refuses	type
prism-ml/Ternary-Bonsai-8B-gguf	Ternary-Bonsai-8B-Q2_0.gguf	refused	llama.cpp	refuses	offsets
prism-ml/Ternary-Bonsai-8B-gguf	Ternary-Bonsai-8B-Q2_0_g64.gguf	ok	llama.cpp	accepts	
qvac/fabric-llm-finetune-bitnet	1bitLLM-bitnet_b1_58-xl-tq1_0.gguf	ok	llama.cpp	accepts	
qvac/fabric-llm-finetune-bitnet	1bitLLM-bitnet_b1_58-xl-tq2_0.gguf	ok	llama.cpp	accepts	
qvac/fabric-llm-finetune-bitnet	tq1_0-biomed-trained-adapter.gguf	no_ternary_layout	llama.cpp	accepts	
qvac/fabric-llm-finetune-bitnet	tq2_0-biomed-trained-adapter.gguf	no_ternary_layout	llama.cpp	accepts	
sdkyuan/qwen3.8-27B-qat-q2_0-gguf	qwen38-27b-qat-q2_0.gguf	ok	llama.cpp	accepts	
sheovsn/Ternary-Bonsai-2-27B-gguf	Ternary-Bonsai-2-27B-PQ2_0.gguf	ok	prismml	refuses	type
sheovsn/Ternary-Bonsai-2-27B-gguf	Ternary-Bonsai-2-27B-PTQ1_0.gguf	ok	prismml	refuses	type
shunmoridev/Qwen3.8-27B-TwinTurbo-Residual-Bonsai-2-PQ2_0-GGUF	Qwen3.8-27B-TwinTurbo-Residual-Bonsai-2-PQ2_0.gguf	ok	prismml	refuses	type
sudoingx/Ternary-Bonsai-2-27B-PTQ1_0-MTP-GGUF	Ternary-Bonsai-2-27B-PTQ1_0-mtp-lean.gguf	ok	prismml	refuses	type
sudoingx/Ternary-Bonsai-2-27B-PTQ1_0-MTP-GGUF	Ternary-Bonsai-2-27B-PTQ1_0-mtp.gguf	ok	prismml	refuses	type
superkaiii/Ternary-Bonsai-4B-GGUF	Ternary-Bonsai-4B-TQ1_0.gguf	ok	llama.cpp	accepts	
superkaiii/Ternary-Bonsai-4B-GGUF	Ternary-Bonsai-4B-TQ2_0.gguf	ok	llama.cpp	accepts	
suryatmodulus/VibeVoice-ASR-BitNet	vibeasr-lm-i2_s-embed-q6_k.gguf	ok	bitnet.cpp	refuses	type
t-kawata/Bonsai-27B-gguf	Bonsai-27B-Q1_0.gguf	ok	llama.cpp	accepts	
taronaeo/Bonsai-8B-BE-GGUF	Bonsai-8B-BE.Q1_0.gguf	other_runtime	llama.cpp	refuses	endian
tdh111/bitnet-b1.58-2B-4T-GGUF	bitnet1582b4t-iq2_bn.gguf	other_runtime	other	refuses	type
tdh111/bitnet-b1.58-2B-4T-GGUF	bitnet1582b4t-iq2_bn_r4.gguf	other_runtime	other	refuses	type
tensor-tailor/ralph-qwen3-8b-ternary	model.gguf	no_ternary_layout	llama.cpp	accepts	
tensor-tailor/ralph-qwen3-8b-ternary-b1f	model.gguf	ok	llama.cpp	accepts	
tensor-tailor/ralph-qwen3-8b-ternary-r3	model.gguf	no_ternary_layout	llama.cpp	accepts	
tensor-tailor/ralph-qwen3-8b-ternary-r4	model.gguf	no_ternary_layout	llama.cpp	accepts	
tensor-tailor/ralph-qwen3-8b-ternary-r5	model.gguf	no_ternary_layout	llama.cpp	accepts	
tensorblock/Bitnet-SmolLM-135M-GGUF	Bitnet-SmolLM-135M-Q2_K.gguf	no_ternary_layout	llama.cpp	accepts	
tensorblock/Bitnet-SmolLM-135M-GGUF	Bitnet-SmolLM-135M-Q3_K_M.gguf	no_ternary_layout	llama.cpp	accepts	
tiiuae/Falcon-E-1B-Instruct-GGUF	ggml-model-i2_s.gguf	ok	bitnet.cpp	refuses	type
tiiuae/Falcon3-10B-Instruct-1.58bit-GGUF	ggml-model-i2_s.gguf	ok	bitnet.cpp	refuses	type
tiiuae/Falcon3-1B-Instruct-1.58bit-GGUF	ggml-model-i2_s.gguf	ok	bitnet.cpp	refuses	type
tiiuae/Falcon3-3B-Instruct-1.58bit-GGUF	ggml-model-i2_s.gguf	ok	bitnet.cpp	refuses	type
tiiuae/Falcon3-7B-Instruct-1.58bit-GGUF	ggml-model-i2_s.gguf	ok	bitnet.cpp	refuses	type
timfromhcs/Ternary-Bonsai-2-27B-Abliterated-v2-PQ2_0-MTP-GGUF	Ternary-Bonsai-2-27B-Abliterated-v2-PQ2_0-MTP.gguf	ok	prismml	refuses	type
timfromhcs/Ternary-Bonsai-2-27B-Abliterated-v2-PQ2_0-MTP-GGUF	Ternary-Bonsai-2-27B-Abliterated-v2-PQ2_0.gguf	ok	prismml	refuses	type
tokenbrew/Bonsai-27B-Brew-GGUF	Bonsai-27B-Q4_K_M.gguf	no_ternary_layout	llama.cpp	accepts	
tokenbrew/Bonsai-27B-Brew-GGUF	Bonsai-27B-Q6_K.gguf	no_ternary_layout	llama.cpp	accepts	
tokenbrew/Bonsai-27B-Brew-GGUF	Bonsai-27B-Q8_0.gguf	no_ternary_layout	llama.cpp	accepts	
trevor000/Ternary-Bonsai-2-27B-RTX4070	Ternary-Bonsai-2-27B-PQ2_0-MTP-Q4_K_M.gguf	ok	prismml	refuses	type
tzervas/lab-bitnet-b1.58-2B-4T-i2s	ggml-model-i2_s.gguf	ok	bitnet.cpp	refuses	type
tzervas/lab-bitnet-embedding-0.6B-i2s	bitnet-embeddings-0.6b-bf16-i2_s.gguf	ok	bitnet.cpp	refuses	type
tzervas/phi-4-bitnet-1.58b	phi4-tq2.gguf	ok	llama.cpp	accepts	
tzervas/qwen2.5-coder-14b-bitnet-1.58b	qwen-coder-14b-tq2.gguf	refused	llama.cpp	refuses	row
tzervas/qwen2.5-coder-32b-bitnet-1.58b	qwen-coder-32b-tq2.gguf	ok	llama.cpp	accepts	
ukisai/Swift-1.5-Qwen3.8-Flash-Next-GSQ-RCO-GGUF	Swift-Qwen3.8-Flash-Next-GSQ-RCO-Q2_0-00001-of-00002.gguf	ok	llama.cpp	accepts	
ukisai/Swift-Bonsai-2-GGUF	Swift-Bonsai-2-PQ2_0.gguf	ok	prismml	refuses	type
ukisai/Swift-Bonsai-2-GGUF	Swift-Bonsai-2-PTQ1_0.gguf	ok	prismml	refuses	type
unsloth/DeepSeek-R1-0528-GGUF	DeepSeek-R1-0528-UD-TQ1_0.gguf	no_ternary_layout	llama.cpp	accepts	
unsloth/DeepSeek-V3.1-GGUF	DeepSeek-V3.1-UD-TQ1_0.gguf	no_ternary_layout	llama.cpp	accepts	
unsloth/ERNIE-4.5-21B-A3B-Thinking-GGUF	ERNIE-4.5-21B-A3B-Thinking-UD-TQ1_0.gguf	no_ternary_layout	llama.cpp	accepts	
unsloth/GLM-4.5-Air-GGUF	GLM-4.5-Air-UD-TQ1_0.gguf	no_ternary_layout	llama.cpp	accepts	
unsloth/GLM-4.6-GGUF	GLM-4.6-UD-TQ1_0.gguf	no_ternary_layout	llama.cpp	accepts	
unsloth/GLM-4.6V-GGUF	GLM-4.6V-UD-TQ1_0.gguf	no_ternary_layout	llama.cpp	accepts	
unsloth/GLM-4.7-Flash-GGUF	GLM-4.7-Flash-UD-TQ1_0.gguf	no_ternary_layout	llama.cpp	accepts	
unsloth/GLM-4.7-Flash-REAP-23B-A3B-GGUF	GLM-4.7-Flash-REAP-23B-A3B-UD-TQ1_0.gguf	no_ternary_layout	llama.cpp	accepts	
unsloth/Kimi-K2-Instruct-GGUF	UD-TQ1_0/Kimi-K2-Instruct-UD-TQ1_0-00001-of-00005.gguf	no_ternary_layout	llama.cpp	accepts	
unsloth/Kimi-K2.5-GGUF	UD-TQ1_0/Kimi-K2.5-UD-TQ1_0-00001-of-00005.gguf	no_ternary_layout	llama.cpp	accepts	
unsloth/Kimi-K3-GGUF	UD-Q1_0/Kimi-K3-UD-Q1_0-00001-of-00011.gguf	other_runtime	other	refuses	type
unsloth/Kimi-K3-GGUF	UD-TQ1_0/Kimi-K3-UD-TQ1_0-00001-of-00012.gguf	other_runtime	other	refuses	type
unsloth/Kimi-K3-GGUF	UD-TQ2_0/Kimi-K3-UD-TQ2_0-00001-of-00013.gguf	other_runtime	other	refuses	type
unsloth/Llama-4-Maverick-17B-128E-Instruct-GGUF	Llama-4-Maverick-17B-128E-Instruct-UD-TQ1_0.gguf	no_ternary_layout	llama.cpp	accepts	
unsloth/Llama-4-Scout-17B-16E-Instruct-GGUF	Llama-4-Scout-17B-16E-Instruct-UD-TQ1_0.gguf	no_ternary_layout	llama.cpp	accepts	
unsloth/MiMo-V2-Flash-GGUF	MiMo-V2-Flash-UD-TQ1_0.gguf	no_ternary_layout	llama.cpp	accepts	
unsloth/Qwen3-30B-A3B-Instruct-2507-GGUF	Qwen3-30B-A3B-Instruct-2507-UD-TQ1_0.gguf	no_ternary_layout	llama.cpp	accepts	
unsloth/Qwen3-30B-A3B-Thinking-2507-GGUF	Qwen3-30B-A3B-Thinking-2507-UD-TQ1_0.gguf	no_ternary_layout	llama.cpp	accepts	
unsloth/Qwen3-Coder-30B-A3B-Instruct-1M-GGUF	Qwen3-Coder-30B-A3B-Instruct-1M-UD-TQ1_0.gguf	no_ternary_layout	llama.cpp	accepts	
unsloth/Qwen3-Coder-30B-A3B-Instruct-GGUF	Qwen3-Coder-30B-A3B-Instruct-UD-TQ1_0.gguf	no_ternary_layout	llama.cpp	accepts	
unsloth/Qwen3-Coder-Next-GGUF	Qwen3-Coder-Next-UD-TQ1_0.gguf	no_ternary_layout	llama.cpp	accepts	
unsloth/Qwen3-Next-80B-A3B-Instruct-GGUF	Qwen3-Next-80B-A3B-Instruct-UD-TQ1_0.gguf	no_ternary_layout	llama.cpp	accepts	
unsloth/Qwen3-Next-80B-A3B-Thinking-GGUF	Qwen3-Next-80B-A3B-Thinking-UD-TQ1_0.gguf	no_ternary_layout	llama.cpp	accepts	
unsloth/Qwen3-VL-30B-A3B-Instruct-GGUF	Qwen3-VL-30B-A3B-Instruct-UD-TQ1_0.gguf	no_ternary_layout	llama.cpp	accepts	
unsloth/Qwen3.8-2.4T-A95B-GGUF	UD-Q1_0/Qwen3.8-2.4T-A95B-UD-Q1_0-00001-of-00010.gguf	other_runtime	other	refuses	type
validi2007/Ternary-Bonsai-2-27B-gguf	Ternary-Bonsai-2-27B-PQ2_0.gguf	ok	prismml	refuses	type
validi2007/Ternary-Bonsai-2-27B-gguf	Ternary-Bonsai-2-27B-PTQ1_0.gguf	ok	prismml	refuses	type
varshavvvvv/Ternary-CyberX-2-27B-gguf	Ternary-Bonsai-2-27B-PQ2_0.gguf	ok	prismml	refuses	type
varshavvvvv/Ternary-CyberX-2-27B-gguf	Ternary-Bonsai-2-27B-PTQ1_0.gguf	ok	prismml	refuses	type
vcruz305/Bonsai-27B-GGUF	Bonsai-27B-IQ4_XS.gguf	no_ternary_layout	llama.cpp	accepts	
vcruz305/Bonsai-27B-GGUF	Bonsai-27B-Q3_K_M.gguf	no_ternary_layout	llama.cpp	accepts	
vcruz305/Bonsai-27B-GGUF	Bonsai-27B-Q4_K_M.gguf	no_ternary_layout	llama.cpp	accepts	
vcruz305/Ternary-Bonsai-27B-GGUF	Ternary-Bonsai-27B-IQ4_XS.gguf	no_ternary_layout	llama.cpp	accepts	
vcruz305/Ternary-Bonsai-27B-GGUF	Ternary-Bonsai-27B-Q3_K_M.gguf	no_ternary_layout	llama.cpp	accepts	
vcruz305/Ternary-Bonsai-27B-GGUF	Ternary-Bonsai-27B-Q4_K_M.gguf	no_ternary_layout	llama.cpp	accepts	
vinpix/Bonsai-8B-llama.cpp	Bonsai-8B-TQ2_0.gguf	ok	llama.cpp	accepts	
vinpix/Ternary-Bonsai-27B-Stock-MTP-GGUF	Ternary-Bonsai-27B-MTP-TQ2_0.gguf	ok	llama.cpp	accepts	
w3ss/Bonsai-27B-gguf	Bonsai-27B-Q1_0.gguf	ok	llama.cpp	accepts	
weareapexcreators/Bonsai-27B-LocalAI	Bonsai-27B-Q1_0.gguf	ok	llama.cpp	accepts	
webmp3/Sakura-Micro-Bonsai-2-GSQ-RCO	Sakura-Micro-Bonsai-2-GSQ-RCO-5.3GiB.gguf	ok	prismml	ignores_rotation	
zotowata/bonsai2-dflash2-fastfork	draft/Bonsai-2-27B-DFlash2-Q4_K.gguf	no_ternary_layout	llama.cpp	accepts	
